file	fac1	fac2	fac3
t000000	42	0	4
t000001	4	0	0
t000002	2	0	0
t000003	103	0	0
t000004	6	0	0
t000005	18	0	0
t000006	15	0	0
t000007	10	0	0
t000008	12	0	0
t000009	6	0	0
t000010	5	0	0
t000011	4	0	0
t000012	12	0	0
t000013	12	0	0
t000014	10	1	1
t000015	14	0	0
t000016	15	0	0
t000017	5	0	0
t000018	5	0	0
t000019	16	0	0
t000020	14	1	0
t000021	5	0	0
t000022	9	0	1
t000023	6	0	0
t000024	9	0	0
t000025	3	0	0
t000026	13	0	0
t000027	12	0	0
t000028	15	0	0
t000029	7	0	0
t000030	10	0	0
t000031	9	1	2
t000032	9	0	0
t000033	20	0	0
t000034	16	0	0
t000035	1	0	0
t000036	7	0	0
t000037	19	0	0
t000038	8	0	0
t000039	32	0	0
t000040	19	0	0
t000041	7	0	0
t000042	7	0	0
t000043	9	0	0
t000044	12	0	0
t000045	5	0	0
t000046	8	3	0
t000047	8	0	0
t000048	11	0	0
t000049	10	0	0
t000050	10	0	0
t000051	10	0	0
t000052	9	0	0
t000053	4	0	0
t000054	8	0	0
t000055	14	0	1
t000056	19	0	0
t000057	8	0	0
t000058	6	0	0
t000059	6	0	0
t000060	4	0	0
t000061	20	0	0
t000062	6	0	0
t000063	10	0	0
t000064	3	0	0
t000065	6	0	0
t000066	10	0	0
t000067	9	0	0
t000068	7	0	0
t000069	8	0	0
t000070	11	0	0
t000071	4	0	0
t000072	8	0	0
t000073	15	0	0
t000074	14	0	0
t000075	17	0	0
t000076	10	0	0
t000077	8	0	0
t000078	13	0	0
t000079	11	0	0
t000080	6	0	0
t000081	6	0	0
t000082	9	0	0
t000083	7	0	0
t000084	6	1	0
t000085	11	0	0
t000086	18	0	0
t000087	6	0	0
t000088	13	0	0
t000089	6	0	0
t000090	8	0	0
t000091	15	1	0
t000092	29	0	0
t000093	12	0	0
t000094	6	0	0
t000095	3	0	0
t000096	8	0	0
t000097	8	0	0
t000098	10	0	0
t000099	7	0	0
t000100	10	0	0
t000101	14	0	0
t000102	7	0	0
t000103	9	0	0
t000104	7	0	1
t000105	13	0	0
t000106	16	0	0
t000107	9	0	0
t000108	6	0	0
t000109	18	0	0
t000110	1	0	0
t000111	13	0	0
t000112	8	0	0
t000113	11	0	0
t000114	11	0	0
t000115	32	0	0
t000116	10	0	0
t000117	6	0	0
t000118	10	0	0
t000119	16	0	0
t000120	9	0	0
t000121	7	0	0
t000122	17	0	0
t000123	1	0	0
t000124	16	0	0
t000125	11	0	0
t000126	7	0	0
t000127	15	0	0
t000128	9	0	0
t000129	12	0	0
t000130	11	0	0
t000131	26	0	0
t000132	4	0	0
t000133	14	0	0
t000134	13	0	0
t000135	7	0	1
t000136	10	0	0
t000137	18	0	0
t000138	12	1	0
t000139	12	0	0
t000140	8	0	0
t000141	13	0	0
t000142	12	0	0
t000143	5	0	0
t000144	11	0	0
t000145	12	0	0
t000146	7	0	0
t000147	10	0	0
t000148	7	0	0
t000149	10	0	0
t000150	13	0	0
t000151	10	0	0
t000152	12	0	0
t000153	11	0	0
t000154	17	0	0
t000155	3	0	0
t000156	8	0	0
t000157	9	0	0
t000158	8	0	0
t000159	5	0	0
t000160	7	0	0
t000161	5	0	0
t000162	12	0	0
t000163	14	0	0
t000164	19	0	0
t000165	4	0	0
t000166	10	0	0
t000167	14	0	0
t000168	8	0	0
t000169	17	0	0
t000170	18	0	0
t000171	9	0	0
t000172	20	0	0
t000173	7	0	0
t000174	13	0	0
t000175	7	0	0
t000176	13	0	0
t000177	8	0	0
t000178	7	0	0
t000179	4	0	0
t000180	1	0	1
t000181	7	0	0
t000182	8	0	0
t000183	4	0	0
t000184	31	0	0
t000185	5	0	0
t000186	10	0	0
t000187	18	0	0
t000188	7	0	0
t000189	8	0	0
t000190	13	0	0
t000191	14	0	0
t000192	3	0	0
t000193	22	0	0
t000194	9	0	0
t000195	14	0	0
t000196	14	1	0
t000197	13	0	0
t000198	5	0	0
t000199	5	0	0
t000200	24	0	0
t000201	13	0	0
t000202	19	0	0
t000203	10	0	0
t000204	7	0	3
t000205	13	0	1
t000206	16	0	0
t000207	8	0	0
t000208	10	0	0
t000209	7	0	0
t000210	5	0	0
t000211	13	0	0
t000212	14	0	0
t000213	14	0	0
t000214	12	0	0
t000215	7	0	0
t000216	12	0	0
t000217	11	0	0
t000218	14	0	0
t000219	8	0	0
t000220	2	0	0
t000221	15	0	0
t000222	9	0	0
t000223	6	0	0
t000224	14	0	0
t000225	10	0	0
t000226	20	0	0
t000227	10	0	0
t000228	6	0	0
t000229	4	0	0
t000230	8	0	0
t000231	11	0	0
t000232	10	0	0
t000233	14	0	0
t000234	9	0	0
t000235	16	0	0
t000236	8	0	0
t000237	19	0	0
t000238	17	0	0
t000239	9	0	0
t000240	27	0	0
t000241	9	0	0
t000242	11	0	0
t000243	10	0	0
t000244	5	0	0
t000245	14	0	0
t000246	4	0	1
t000247	21	0	1
t000248	13	0	0
t000249	7	0	0
t000250	28	0	0
t000251	7	0	0
t000252	11	0	0
t000253	11	0	0
t000254	9	0	0
t000255	9	1	0
t000256	11	0	0
t000257	7	0	0
t000258	3	0	0
t000259	18	0	0
t000260	21	0	1
t000261	14	0	0
t000262	4	0	0
t000263	11	0	0
t000264	6	0	0
t000265	8	0	0
t000266	12	0	0
t000267	8	0	0
t000268	13	0	0
t000269	17	0	0
t000270	10	0	0
t000271	7	0	0
t000272	18	0	0
t000273	8	1	0
t000274	5	0	0
t000275	35	0	0
t000276	7	0	0
t000277	13	0	0
t000278	5	0	0
t000279	18	0	0
t000280	14	0	0
t000281	7	0	0
t000282	14	0	0
t000283	13	0	0
t000284	9	0	0
t000285	16	0	0
t000286	5	0	0
t000287	13	0	0
t000288	12	0	0
t000289	6	0	0
t000290	18	0	0
t000291	13	0	0
t000292	5	0	0
t000293	3	0	0
t000294	12	0	0
t000295	10	0	0
t000296	8	0	0
t000297	8	0	0
t000298	6	0	0
t000299	11	0	0
t000300	13	0	0
t000301	10	0	0
t000302	10	0	0
t000303	7	0	0
t000304	17	0	0
t000305	10	0	0
t000306	10	0	0
t000307	16	0	0
t000308	9	0	0
t000309	13	0	0
t000310	6	0	0
t000311	24	0	0
t000312	8	0	0
t000313	7	0	0
t000314	17	0	0
t000315	3	0	0
t000316	14	0	0
t000317	7	0	0
t000318	11	0	0
t000319	8	0	0
t000320	10	0	0
t000321	7	0	0
t000322	6	0	0
t000323	11	0	0
t000324	5	0	0
t000325	4	1	1
t000326	3	0	0
t000327	10	0	0
t000328	10	0	0
t000329	5	0	0
t000330	21	0	0
t000331	10	0	1
t000332	8	0	0
t000333	10	0	0
t000334	16	0	0
t000335	6	0	0
t000336	15	0	0
t000337	17	0	0
t000338	11	0	0
t000339	17	0	0
t000340	14	0	0
t000341	10	0	0
t000342	9	0	0
t000343	13	0	0
t000344	22	0	0
t000345	13	0	0
t000346	8	0	0
t000347	6	0	0
t000348	11	1	0
t000349	7	0	0
t000350	5	0	0
t000351	10	0	0
t000352	8	0	0
t000353	13	0	0
t000354	11	0	0
t000355	13	0	0
t000356	19	0	0
t000357	16	0	0
t000358	5	0	0
t000359	6	0	0
t000360	6	0	0
t000361	10	0	0
t000362	12	0	0
t000363	10	0	0
t000364	10	0	1
t000365	30	1	0
t000366	12	0	0
t000367	10	0	0
t000368	12	0	0
t000369	9	0	0
t000370	19	0	0
t000371	15	0	0
t000372	8	0	0
t000373	8	0	0
t000374	6	0	0
t000375	7	0	0
t000376	14	0	0
t000377	6	0	0
t000378	12	0	0
t000379	11	0	0
t000380	15	0	0
t000381	5	0	0
t000382	20	0	0
t000383	18	0	0
t000384	14	0	0
t000385	0	0	0
t000386	9	0	0
t000387	9	0	0
t000388	11	0	1
t000389	16	0	0
t000390	15	0	0
t000391	8	0	1
t000392	10	0	0
t000393	18	0	0
t000394	8	0	0
t000395	7	0	0
t000396	15	0	0
t000397	11	0	0
t000398	9	0	0
t000399	8	0	0
t000400	12	0	0
t000401	5	0	0
t000402	22	0	0
t000403	11	0	1
t000404	14	0	0
t000405	9	0	0
t000406	6	0	0
t000407	4	0	0
t000408	9	0	0
t000409	4	0	0
t000410	18	0	0
t000411	10	0	0
t000412	11	0	0
t000413	13	0	0
t000414	17	0	0
t000415	4	0	0
t000416	6	0	0
t000417	13	0	0
t000418	12	0	0
t000419	5	0	0
t000420	7	0	0
t000421	7	0	0
t000422	4	0	0
t000423	12	0	0
t000424	5	0	0
t000425	7	0	0
t000426	12	0	0
t000427	9	0	0
t000428	11	0	0
t000429	12	0	0
t000430	4	0	0
t000431	5	0	0
t000432	2	0	1
t000433	8	0	0
t000434	5	0	1
t000435	5	0	0
t000436	8	0	0
t000437	13	0	0
t000438	5	0	0
t000439	15	0	0
t000440	4	0	0
t000441	12	0	0
t000442	8	0	0
t000443	9	0	0
t000444	8	0	0
t000445	3	0	0
t000446	15	0	0
t000447	7	0	0
t000448	8	0	0
t000449	12	0	0
t000450	4	0	0
t000451	15	0	0
t000452	10	0	0
t000453	5	0	0
t000454	26	0	0
t000455	9	0	0
t000456	19	0	0
t000457	14	0	0
t000458	17	0	0
t000459	7	0	0
t000460	8	0	0
t000461	21	0	0
t000462	13	0	0
t000463	7	0	0
t000464	8	0	0
t000465	8	0	0
t000466	8	0	0
t000467	10	0	0
t000468	7	0	0
t000469	11	0	0
t000470	26	0	0
t000471	10	0	0
t000472	8	0	0
t000473	15	0	1
t000474	9	0	0
t000475	5	0	0
t000476	5	0	0
t000477	6	0	0
t000478	2	0	0
t000479	13	0	0
t000480	9	0	0
t000481	12	0	0
t000482	11	0	0
t000483	10	1	0
t000484	7	0	0
t000485	9	0	0
t000486	6	1	0
t000487	3	0	0
t000488	11	0	0
t000489	6	0	0
t000490	9	0	0
t000491	9	0	0
t000492	18	0	0
t000493	11	0	0
t000494	15	0	0
t000495	11	0	0
t000496	4	0	0
t000497	5	0	0
t000498	19	0	0
t000499	11	0	0
t000500	2	0	0
t000501	22	0	0
t000502	8	0	0
t000503	6	0	4
t000504	28	0	0
t000505	11	0	0
t000506	13	0	0
t000507	3	0	0
t000508	10	0	0
t000509	16	0	0
t000510	7	0	0
t000511	8	0	0
t000512	21	0	0
t000513	5	0	0
t000514	15	0	0
t000515	3	0	0
t000516	26	0	0
t000517	7	0	0
t000518	8	0	0
t000519	7	0	0
t000520	12	0	0
t000521	9	0	0
t000522	6	0	0
t000523	8	0	0
t000524	15	0	0
t000525	8	0	0
t000526	24	0	0
t000527	2	0	0
t000528	14	0	0
t000529	21	0	1
t000530	10	0	0
t000531	8	0	0
t000532	13	0	0
t000533	13	0	0
t000534	4	0	0
t000535	13	0	0
t000536	18	0	0
t000537	7	0	0
t000538	9	0	0
t000539	6	0	0
t000540	19	0	0
t000541	20	0	0
t000542	6	0	0
t000543	14	0	0
t000544	15	0	0
t000545	6	0	1
t000546	26	0	0
t000547	5	0	0
t000548	11	0	0
t000549	8	0	0
t000550	10	0	0
t000551	10	0	0
t000552	5	0	0
t000553	8	0	0
t000554	5	0	0
t000555	12	0	1
t000556	13	0	0
t000557	6	0	0
t000558	5	0	0
t000559	7	0	0
t000560	10	0	0
t000561	9	0	0
t000562	17	0	0
t000563	8	0	0
t000564	16	0	0
t000565	13	0	0
t000566	11	0	0
t000567	9	0	0
t000568	7	0	0
t000569	8	0	0
t000570	11	0	0
t000571	18	0	0
t000572	11	0	0
t000573	8	0	0
t000574	7	0	0
t000575	7	0	0
t000576	17	0	0
t000577	2	0	0
t000578	10	0	0
t000579	11	0	0
t000580	12	0	0
t000581	8	0	0
t000582	9	0	1
t000583	15	0	0
t000584	7	0	0
t000585	18	0	0
t000586	12	0	0
t000587	12	0	0
t000588	7	1	0
t000589	14	0	0
t000590	9	0	0
t000591	9	0	0
t000592	11	0	1
t000593	3	0	0
t000594	15	0	0
t000595	5	0	0
t000596	7	0	0
t000597	13	0	0
t000598	15	0	0
t000599	8	0	0
t000600	13	0	0
t000601	8	0	0
t000602	9	0	0
t000603	7	0	0
t000604	4	0	0
t000605	1	0	0
t000606	9	0	0
t000607	4	0	0
t000608	6	0	0
t000609	24	0	0
t000610	8	0	0
t000611	5	0	0
t000612	8	0	0
t000613	16	0	0
t000614	8	0	0
t000615	14	0	0
t000616	11	0	1
t000617	15	0	0
t000618	7	0	0
t000619	7	0	0
t000620	6	0	0
t000621	9	0	0
t000622	5	0	0
t000623	26	0	0
t000624	15	0	0
t000625	9	0	0
t000626	5	0	0
t000627	22	0	0
t000628	6	0	0
t000629	8	0	0
t000630	5	0	0
t000631	10	0	0
t000632	20	0	1
t000633	7	0	0
t000634	10	0	0
t000635	2	1	0
t000636	13	0	0
t000637	13	0	0
t000638	15	0	0
t000639	10	0	0
t000640	7	0	0
t000641	10	0	0
t000642	10	0	0
t000643	11	0	0
t000644	3	0	0
t000645	21	0	0
t000646	9	0	0
t000647	8	0	0
t000648	10	0	0
t000649	13	0	3
t000650	13	0	0
t000651	7	0	0
t000652	9	0	0
t000653	8	0	1
t000654	7	0	0
t000655	16	0	0
t000656	7	0	0
t000657	7	0	0
t000658	12	0	0
t000659	29	1	0
t000660	18	0	0
t000661	5	0	0
t000662	16	0	0
t000663	19	0	0
t000664	9	0	0
t000665	8	0	0
t000666	11	0	0
t000667	4	0	0
t000668	15	0	0
t000669	25	0	0
t000670	7	0	0
t000671	10	0	0
t000672	15	0	0
t000673	13	0	0
t000674	14	0	0
t000675	6	0	1
t000676	5	0	0
t000677	9	0	0
t000678	12	0	0
t000679	21	0	0
t000680	10	0	0
t000681	1	0	0
t000682	8	0	0
t000683	6	0	0
t000684	21	0	0
t000685	10	0	0
t000686	9	0	0
t000687	12	0	0
t000688	10	0	0
t000689	9	0	0
t000690	12	0	0
t000691	6	0	0
t000692	18	0	0
t000693	4	0	0
t000694	6	0	0
t000695	3	0	0
t000696	14	0	0
t000697	8	0	0
t000698	6	0	0
t000699	18	0	0
t000700	10	0	0
t000701	11	0	0
t000702	11	0	0
t000703	8	0	0
t000704	8	0	0
t000705	16	0	0
t000706	14	0	0
t000707	10	0	0
t000708	8	0	0
t000709	15	0	0
t000710	17	0	1
t000711	16	0	0
t000712	18	0	0
t000713	10	0	0
t000714	20	0	0
t000715	7	1	0
t000716	6	0	0
t000717	26	0	0
t000718	10	0	0
t000719	18	0	1
t000720	27	0	0
t000721	11	0	0
t000722	11	0	0
t000723	5	0	0
t000724	10	0	0
t000725	8	0	0
t000726	9	0	0
t000727	9	0	0
t000728	305	1	1
t000729	311	4	0
t000730	310	3	2
t000731	152	0	3
t000732	263	2	2
t000733	295	4	2
t000734	215	0	1
t000735	271	0	1
t000736	213	1	1
t000737	250	2	0
t000738	238	1	3
t000739	194	1	1
t000740	250	4	2
t000741	235	1	7
t000742	306	0	4
t000743	181	2	3
t000744	191	1	1
t000745	13	0	0
t000746	247	0	0
t000747	238	0	0
t000748	160	1	0
t000749	185	4	1
t000750	203	6	1
t000751	252	3	2
t000752	157	9	0
t000753	172	2	1
t000754	302	8	19
t000755	242	1	3
t000756	268	0	1
t000757	243	0	0
t000758	68	6	2
t000759	188	0	1
t000760	162	0	3
t000761	232	0	1
t000762	205	5	2
t000763	142	0	0
t000764	199	0	1
t000765	203	1	0
t000766	301	4	12
t000767	166	4	1
t000768	175	1	0
t000769	174	2	0
t000770	190	0	0
t000771	125	2	1
t000772	192	0	0
t000773	136	0	1
t000774	232	0	0
t000775	186	1	0
t000776	140	0	1
t000777	209	0	0
t000778	203	0	2
t000779	205	5	0
t000780	248	2	1
t000781	234	0	1
t000782	189	0	1
t000783	194	2	0
t000784	181	1	0
t000785	152	2	0
t000786	259	0	2
t000787	235	0	1
t000788	93	0	1
t000789	137	0	0
t000790	211	3	1
t000791	372	1	2
t000792	156	7	6
t000793	324	5	3
t000794	242	3	2
t000795	96	1	0
t000796	133	0	2
t000797	181	1	3
t000798	210	1	1
t000799	144	1	0
t000800	216	2	1
t000801	181	9	0
t000802	228	1	0
t000803	214	0	0
t000804	160	0	1
t000805	189	5	2
t000806	258	2	1
t000807	112	0	0
t000808	219	10	20
t000809	258	1	0
t000810	242	7	3
t000811	137	0	5
t000812	220	0	1
t000813	149	5	1
t000814	200	2	1
t000815	294	0	0
t000816	259	0	0
t000817	181	1	0
t000818	234	0	0
t000819	213	5	1
t000820	38	22	2
t000821	154	1	0
t000822	176	0	6
t000823	127	0	0
t000824	160	1	0
t000825	109	2	0
t000826	173	3	0
t000827	121	22	4
t000828	157	0	0
t000829	127	0	14
t000830	282	1	2
t000831	160	0	0
t000832	320	4	7
t000833	247	0	1
t000834	269	1	1
t000835	223	0	0
t000836	157	0	0
t000837	142	1	2
t000838	297	0	0
t000839	159	3	4
t000840	168	2	0
t000841	233	10	0
t000842	166	5	1
t000843	217	0	2
t000844	259	3	1
t000845	224	1	0
t000846	162	1	0
t000847	181	15	106
t000848	286	0	2
t000849	283	7	0
t000850	165	0	5
t000851	230	2	0
t000852	146	1	4
t000853	156	0	0
t000854	172	18	80
t000855	166	1	0
t000856	291	1	2
t000857	337	0	1
t000858	115	1	0
t000859	326	10	8
t000860	206	0	3
t000861	203	0	0
t000862	267	3	0
t000863	155	6	1
t000864	210	1	3
t000865	329	2	0
t000866	210	2	8
t000867	180	0	1
t000868	216	3	2
t000869	165	0	0
t000870	198	2	4
t000871	142	0	0
t000872	444	6	18
t000873	241	1	0
t000874	244	3	6
t000875	148	0	0
t000876	181	0	0
t000877	221	0	0
t000878	136	3	0
t000879	105	0	2
t000880	216	1	1
t000881	187	2	0
t000882	188	1	9
t000883	215	0	0
t000884	264	1	9
t000885	248	2	0
t000886	240	0	2
t000887	150	4	1
t000888	188	0	0
t000889	231	1	1
t000890	160	1	0
t000891	260	0	0
t000892	177	3	1
t000893	279	0	0
t000894	53	0	0
t000895	216	0	1
t000896	116	1	0
t000897	142	0	1
t000898	160	9	2
t000899	170	0	1
t000900	275	2	2
t000901	164	1	3
t000902	113	0	0
t000903	154	7	0
t000904	232	0	0
t000905	208	1	0
t000906	303	1	0
t000907	287	0	0
t000908	107	0	0
t000909	359	4	7
t000910	162	1	0
t000911	184	0	0
t000912	155	0	0
t000913	196	0	0
t000914	136	2	0
t000915	113	3	0
t000916	116	0	0
t000917	177	3	0
t000918	232	3	1
t000919	213	1	0
t000920	153	2	4
t000921	219	0	1
t000922	167	0	1
t000923	292	0	0
t000924	178	0	1
t000925	363	7	7
t000926	284	0	1
t000927	188	2	1
t000928	36	1	0
t000929	189	0	4
t000930	187	0	14
t000931	275	0	9
t000932	281	2	4
t000933	306	3	11
t000934	221	0	0
t000935	219	0	0
t000936	138	0	1
t000937	238	2	2
t000938	229	19	22
t000939	241	1	1
t000940	126	0	1
t000941	148	1	0
t000942	183	1	1
t000943	173	1	1
t000944	221	0	0
t000945	310	3	1
t000946	127	0	0
t000947	188	0	0
t000948	202	0	0
t000949	158	2	1
t000950	176	0	0
t000951	288	0	3
t000952	224	0	0
t000953	332	0	4
t000954	193	0	0
t000955	224	1	1
t000956	251	1	1
t000957	248	1	3
t000958	210	0	0
t000959	195	0	1
t000960	285	8	0
t000961	208	16	6
t000962	234	0	2
t000963	237	3	0
t000964	199	1	1
t000965	190	3	0
t000966	169	6	0
t000967	161	0	0
t000968	155	0	1
t000969	254	1	3
t000970	145	0	1
t000971	209	0	2
t000972	173	0	1
t000973	217	0	1
t000974	233	0	0
t000975	243	5	1
t000976	97	4	1
t000977	248	0	5
t000978	213	1	3
t000979	205	0	1
t000980	221	0	0
t000981	177	1	11
t000982	5	9	8
t000983	8	4	3
t000984	4	4	2
t000985	12	4	1
t000986	7	4	7
t000987	11	0	7
t000988	35	1	0
t000989	7	2	3
t000990	4	1	7
t000991	22	0	0
t000992	7	12	1
t000993	7	1	0
t000994	1	7	13
t000995	16	7	1
t000996	7	12	1
t000997	3	1	2
t000998	1	17	7
t000999	19	1	0
t001000	8	3	0
t001001	5	15	1
t001002	31	6	9
t001003	44	0	0
t001004	11	1	0
t001005	0	1	0
t001006	7	15	2
t001007	8	5	4
t001008	10	5	4
t001009	5	10	4
t001010	7	7	0
t001011	7	18	2
t001012	3	4	13
t001013	5	0	10
t001014	12	3	1
t001015	6	7	2
t001016	5	11	3
t001017	28	13	1
t001018	13	9	4
t001019	6	0	4
t001020	4	7	14
t001021	2	0	0
t001022	7	0	8
t001023	14	4	2
t001024	3	4	0
t001025	2	6	5
t001026	8	4	13
t001027	1	3	1
t001028	13	2	6
t001029	4	10	3
t001030	5	1	0
t001031	2	16	3
t001032	205	3	2
t001033	4	2	2
t001034	8	18	1
t001035	6	8	0
t001036	4	7	1
t001037	4	17	3
t001038	3	5	1
t001039	2	13	2
t001040	1	0	0
t001041	6	0	0
t001042	10	5	3
t001043	4	3	0
t001044	6	3	8
t001045	5	0	2
t001046	4	0	0
t001047	5	8	0
t001048	8	4	1
t001049	3	0	1
t001050	14	12	1
t001051	8	12	4
t001052	5	7	0
t001053	4	5	1
t001054	10	2	1
t001055	6	14	5
t001056	11	1	0
t001057	8	34	0
t001058	2	11	0
t001059	6	4	8
t001060	3	6	0
t001061	6	6	2
t001062	1	14	1
t001063	13	1	5
t001064	7	4	3
t001065	2	0	1
t001066	5	7	2
t001067	2	5	5
t001068	5	2	0
t001069	3	1	0
t001070	9	2	2
t001071	3	3	10
t001072	10	0	1
t001073	4	1	3
t001074	15	0	0
t001075	3	6	1
t001076	12	2	0
t001077	49	15	7
t001078	5	1	3
t001080	20	0	0
t001081	0	2	4
t001082	9	4	1
t001083	13	10	0
t001084	3	5	1
t001085	7	0	1
t001086	76	1	1
t001087	13	9	3
t001088	3	8	2
t001089	2	3	12
t001090	1	3	0
t001091	3	5	0
t001092	10	12	0
t001093	12	0	2
t001094	2	6	4
t001095	4	1	1
t001096	8	1	3
t001097	1	12	6
t001098	2	4	2
t001099	0	4	2
t001100	9	23	2
t001101	2	17	1
t001102	4	4	3
t001103	10	6	0
t001104	6	17	1
t001105	9	6	3
t001106	3	0	0
t001107	1	4	0
t001108	5	12	0
t001109	8	4	0
t001110	8	3	12
t001111	5	11	0
t001112	8	9	0
t001113	3	2	0
t001114	4	14	1
t001115	7	9	6
t001116	2	13	0
t001117	5	3	3
t001118	10	24	3
t001119	4	11	1
t001120	4	20	3
t001121	14	5	4
t001122	10	1	5
t001123	4	3	0
t001124	2	0	6
t001125	3	5	0
t001126	12	0	4
t001127	6	8	6
t001128	2	3	1
t001129	0	3	4
t001130	2	6	3
t001131	3	0	20
t001132	7	1	1
t001133	14	3	1
t001134	3	4	0
t001135	3	1	0
t001136	8	5	1
t001137	1	2	5
t001138	1	2	0
t001139	2	24	0
t001140	7	7	1
t001141	3	8	0
t001142	0	13	3
t001143	2	7	4
t001144	5	9	3
t001145	5	1	0
t001146	5	13	0
t001147	11	1	2
t001148	2	1	4
t001149	10	2	22
t001150	6	1	0
t001151	2	1	1
t001152	2	13	3
t001153	9	7	2
t001154	4	1	0
t001155	10	10	3
t001156	0	8	2
t001157	14	17	4
t001158	12	2	0
t001159	26	0	0
t001160	18	0	14
t001161	4	0	3
t001162	11	12	0
t001163	20	3	0
t001164	10	38	0
t001165	1	6	4
t001166	3	5	4
t001167	5	10	0
t001168	14	5	5
t001169	1	4	0
t001170	0	13	6
t001171	11	1	0
t001172	2	10	5
t001173	6	6	0
t001174	4	5	6
t001175	14	15	7
t001176	5	5	4
t001177	8	5	4
t001178	5	7	5
t001179	2	18	2
t001180	8	19	0
t001181	2	3	3
t001182	22	37	0
t001183	14	0	5
t001184	9	0	4
t001185	7	5	6
t001186	2	2	9
t001187	5	5	2
t001188	16	2	5
t001189	0	0	0
t001190	6	7	0
t001191	5	15	1
t001192	3	5	9
t001193	9	9	7
t001194	7	0	0
t001195	1	20	0
t001196	4	0	0
t001197	60	2	4
t001198	4	6	8
t001199	0	2	0
t001200	9	0	23
t001201	33	29	6
t001202	2	22	2
t001203	3	6	4
t001204	5	5	0
t001205	0	10	0
t001206	5	4	1
t001207	1	17	7
t001208	9	4	10
t001209	18	21	5
t001210	11	11	0
t001211	13	2	6
t001212	6	1	2
t001213	4	1	1
t001214	1	8	1
t001215	35	41	4
t001216	3	0	13
t001217	4	1	0
t001218	8	0	1
t001219	1	9	1
t001220	2	7	2
t001221	2	4	7
t001222	1	1	7
t001223	9	0	3
t001224	8	0	0
t001225	4	8	2
t001226	8	5	15
t001227	7	2	0
t001228	2	0	0
t001229	6	3	3
t001230	257	86	18
t001231	0	7	8
t001232	6	1	0
t001233	4	11	0
t001234	4	1	0
t001235	3	15	1
t001236	9	0	8
t001237	11	3	3
t001238	8	16	3
t001239	8	11	5
t001240	11	5	5
t001241	2	7	1
t001242	4	0	1
t001243	2	6	9
t001244	3	2	10
t001245	6	2	2
t001246	13	0	0
t001247	11	9	8
t001248	6	3	3
t001249	2	12	3
t001250	1	6	0
t001251	9	5	2
t001252	21	0	0
t001253	61	0	0
t001254	5	8	0
t001255	10	5	2
t001256	5	1	0
t001257	6	14	5
t001258	16	6	1
t001259	8	8	1
t001260	1	1	0
t001261	12	9	3
t001262	8	1	0
t001263	7	16	10
t001264	6	0	14
t001265	6	7	0
t001266	5	7	0
t001267	5	5	9
t001268	4	2	0
t001269	6	1	0
t001270	4	3	11
t001271	3	4	9
t001272	12	1	0
t001273	18	2	5
t001274	5	1	3
t001275	1	1	2
t001276	6	3	0
t001277	7	2	0
t001278	15	12	0
t001279	6	4	6
t001280	9	2	5
t001281	9	0	1
t001282	7	18	7
t001283	3	12	8
t001284	2	2	1
t001285	6	6	0
t001286	12	3	4
t001287	25	0	0
t001288	3	8	6
t001289	13	9	0
t001290	11	0	0
t001291	5	4	6
t001292	5	10	0
t001293	1	4	0
t001294	17	2	0
t001295	3	3	3
t001296	3	3	0
t001297	0	2	7
t001298	76	7	0
t001299	3	1	2
t001300	8	15	1
t001301	0	1	4
t001302	0	14	1
t001303	5	3	6
t001304	2	17	0
t001305	6	6	4
t001306	2	0	0
t001307	9	6	5
t001308	1	0	0
t001309	14	6	1
t001310	2	9	0
t001311	11	14	5
t001312	8	12	6
t001313	4	8	0
t001314	43	0	29
t001315	12	27	1
t001316	6	4	5
t001317	12	8	4
t001318	6	8	7
t001319	10	6	4
t001320	5	25	10
t001321	3	16	0
t001322	36	0	0
t001323	40	7	26
t001324	20	36	3
t001325	21	0	0
t001326	0	12	0
t001327	12	2	1
t001328	18	7	0
t001329	15	17	3
t001330	4	5	7
t001331	2	5	7
t001332	0	4	1
t001333	1	12	0
t001334	8	18	4
t001335	3	0	2
t001336	8	0	0
t001337	5	14	5
t001338	3	6	0
t001339	10	1	1
t001340	34	1	1
t001341	13	5	7
t001342	9	8	2
t001343	3	22	2
t001344	11	2	6
t001345	6	7	5
t001346	8	0	3
t001347	10	6	1
t001348	10	1	1
t001349	4	1	4
t001350	2	13	0
t001351	6	6	0
t001352	3	7	2
t001353	10	0	6
t001354	7	3	0
t001355	4	27	0
t001356	2	0	3
t001357	6	3	2
t001358	9	21	4
t001359	0	4	3
t001360	1	6	1
t001361	4	3	7
t001362	9	5	0
t001363	6	0	3
t001364	4	11	0
t001365	4	11	0
t001366	9	3	0
t001367	5	16	1
t001368	7	2	14
t001369	12	1	16
t001370	8	17	3
t001371	25	28	16
t001372	0	10	1
t001373	9	0	1
t001374	3	5	1
t001375	2	8	1
t001376	5	3	4
t001377	2	5	0
t001378	8	3	6
t001379	12	6	1
t001380	5	6	5
t001381	9	4	1
t001382	3	12	3
t001383	8	20	0
t001384	2	4	1
t001385	8	14	5
t001386	29	43	1
t001387	6	0	0
t001388	5	5	0
t001389	4	18	1
t001390	3	8	1
t001391	6	3	6
t001392	5	1	16
t001393	5	1	12
t001394	3	5	0
t001395	15	1	1
t001396	17	2	0
t001397	3	0	3
t001398	7	0	0
t001399	8	9	1
t001400	22	3	0
t001401	6	3	5
t001402	8	0	0
t001403	4	4	4
t001404	10	11	1
t001405	1	4	4
t001406	10	11	5
t001407	3	2	7
t001408	4	5	4
t001409	3	3	4
t001410	33	42	7
t001411	5	5	5
t001412	10	0	0
t001413	82	1	1
t001414	4	6	0
t001415	11	5	1
t001416	9	1	0
t001417	7	3	7
t001418	10	0	0
t001419	2	18	2
t001420	4	12	1
t001421	2	11	0
t001422	41	1	1
t001423	3	1	5
t001424	12	0	0
t001425	9	2	2
t001426	2	11	2
t001427	15	4	5
t001428	7	5	3
t001429	2	3	3
t001430	3	16	1
t001431	5	17	0
t001432	10	4	0
t001433	0	11	5
t001434	6	4	8
t001435	9	10	2
t001436	19	1	0
t001437	0	1	0
t001438	5	1	0
t001439	5	5	1
t001440	8	0	0
t001441	3	0	1
t001442	8	11	6
t001443	10	4	1
t001444	7	0	0
t001445	2	0	4
t001446	2	5	2
t001447	7	24	1
t001448	9	23	3
t001449	11	3	7
t001450	11	2	0
t001451	6	14	1
t001452	15	7	6
t001453	1	7	10
t001454	5	7	7
t001455	4	11	1
t001456	30	18	2
t001457	5	3	3
t001458	9	28	4
t001459	4	1	0
t001460	5	6	6
t001461	4	4	9
t001462	11	3	0
t001463	2	10	1
t001464	1	9	1
t001465	3	16	1
t001466	1	0	1
t001467	5	2	0
t001468	5	5	1
t001469	4	3	0
t001470	2	1	0
t001471	5	4	7
t001472	31	5	4
t001473	12	0	7
t001474	8	24	0
t001475	6	9	4
t001476	11	7	1
t001477	3	25	0
t001478	7	1	7
t001479	4	10	0
t001480	14	3	0
t001481	0	2	1
t001482	4	13	0
t001483	2	5	7
t001484	1	2	0
t001485	3	2	7
t001486	5	2	15
t001487	5	2	0
t001488	5	12	0
t001489	9	13	1
t001490	2	10	0
t001491	10	9	1
t001492	3	7	1
t001493	3	5	1
t001494	1	1	0
t001495	3	1	3
t001496	1	5	0
t001497	12	2	4
t001498	7	0	0
t001499	11	13	2
t001500	1	7	10
t001501	47	9	6
t001502	5	3	0
t001503	9	1	0
t001504	3	6	1
t001505	5	3	0
t001506	6	8	1
t001507	3	5	0
t001508	16	22	2
t001509	5	4	0
t001510	4	6	0
t001511	5	3	12
t001512	27	12	5
t001513	1	2	3
t001514	3	5	0
t001515	0	7	0
t001516	3	11	2
t001517	3	19	3
t001518	6	1	1
t001519	3	5	0
t001520	2	7	6
t001521	2	2	7
t001522	4	0	4
t001523	5	7	1
t001524	10	16	6
t001525	3	3	0
t001526	9	6	2
t001527	1	0	0
t001528	2	6	0
t001529	7	3	2
t001530	10	27	1
t001531	5	15	3
t001532	11	14	4
t001533	3	2	7
t001534	3	5	0
t001535	5	2	10
t001536	4	1	10
t001537	8	2	0
t001538	11	13	5
t001539	1	0	0
t001540	36	4	2
t001541	13	6	0
t001542	5	5	5
t001543	29	1	0
t001544	13	23	1
t001545	1	1	7
t001546	2	3	0
t001547	0	0	0
t001548	3	2	1
t001549	2	0	0
t001550	4	3	1
t001551	4	2	4
t001552	10	8	0
t001553	2	6	1
t001554	4	16	0
t001555	0	0	2
t001556	6	10	4
t001557	3	1	0
t001558	2	3	1
t001559	2	4	2
t001560	19	2	0
t001561	4	8	2
t001562	3	9	2
t001563	0	1	0
t001564	3	2	17
t001565	1	2	0
t001566	4	5	1
t001567	2	5	0
t001568	13	13	5
t001569	4	6	1
t001570	2	10	1
t001571	11	0	0
t001572	8	2	10
t001573	14	0	0
t001574	17	2	7
t001575	7	4	4
t001576	13	1	8
t001577	19	0	2
t001578	12	22	11
t001579	6	3	0
t001580	5	2	7
t001581	8	4	1
t001582	9	4	0
t001583	3	13	0
t001584	5	3	2
t001585	7	5	1
t001586	6	3	11
t001587	5	0	0
t001588	12	8	1
t001589	3	8	1
t001590	6	15	2
t001591	5	7	3
t001592	4	11	3
t001593	3	5	0
t001594	3	2	0
t001595	6	5	0
t001596	2	2	1
t001597	1	1	3
t001598	5	5	13
t001599	2	18	1
t001600	3	11	3
t001601	8	4	1
t001602	9	4	9
t001603	8	7	1
t001604	4	2	0
t001605	7	7	7
t001606	5	3	0
t001607	2	3	0
t001608	12	5	8
t001609	4	9	0
t001610	10	2	8
t001611	6	4	7
t001612	3	4	0
t001613	6	4	2
t001614	5	0	5
t001615	2	4	0
t001616	3	10	9
t001617	6	0	4
t001618	5	5	5
t001619	10	3	5
t001620	5	4	1
t001621	6	4	0
t001622	63	1	3
t001623	8	0	0
t001624	12	1	1
t001625	10	4	1
t001626	8	32	6
t001627	15	11	0
t001628	2	1	1
t001629	7	5	2
t001630	5	0	2
t001631	3	19	0
t001632	5	7	4
t001633	8	13	1
t001634	4	3	0
t001635	1	2	0
t001636	5	10	7
t001637	19	20	3
t001638	3	0	0
t001639	5	0	0
t001640	1	1	2
t001641	3	5	1
t001642	4	7	0
t001643	3	4	7
t001644	44	30	2
t001645	1	4	1
t001646	2	16	4
t001647	4	12	1
t001648	0	7	0
t001649	2	4	3
t001650	7	1	5
t001651	3	3	1
t001652	26	0	0
t001653	12	0	0
t001654	3	34	0
t001655	5	13	5
t001656	5	0	6
t001657	12	1	0
t001658	4	6	1
t001659	4	15	2
t001660	9	0	0
t001661	7	0	16
t001662	86	1	0
t001663	6	0	6
t001664	1	1	1
t001665	1	3	0
t001666	4	3	0
t001667	2	8	1
t001668	1	8	19
t001669	3	4	0
t001670	8	4	3
t001671	5	3	2
t001672	2	7	3
t001673	1	0	0
t001674	3	12	6
t001675	6	0	0
t001676	0	0	0
t001677	2	0	0
t001678	4	0	0
t001679	2	0	1
t001680	12	0	0
t001681	2	0	0
t001682	8	0	0
t001683	13	0	0
t001684	1	0	0
t001685	9	0	0
t001686	5	0	0
t001687	2	0	0
t001688	1	0	0
t001689	3	0	2
t001690	21	0	0
t001691	2	0	0
t001692	12	0	0
t001693	7	0	0
t001694	3	0	0
t001695	1	0	0
t001696	2	0	0
t001697	3	0	0
t001698	7	0	0
t001700	3	0	0
t001701	3	0	0
t001702	3	0	0
t001703	1	0	0
t001704	5	0	0
t001705	5	0	0
t001706	2	0	0
t001707	12	0	0
t001708	7	0	0
t001709	5	0	0
t001710	1	0	0
t001711	11	0	0
t001712	9	0	0
t001713	4	0	0
t001714	5	0	0
t001715	4	0	0
t001716	14	0	0
t001717	5	0	0
t001718	2	0	0
t001719	2	0	0
t001720	8	0	0
t001721	6	0	0
t001722	8	0	0
t001723	6	0	0
t001724	1	0	0
t001725	9	0	0
t001726	4	0	0
t001727	2	0	0
t001728	0	0	0
t001729	15	0	0
t001730	5	0	0
t001731	11	0	0
t001732	1	0	0
t001733	11	0	0
t001734	10	0	0
t001735	2	0	0
t001736	9	0	0
t001737	7	0	0
t001738	2	0	0
t001739	4	0	0
t001740	7	0	0
t001741	8	0	0
t001742	10	0	0
t001743	3	0	0
t001744	0	0	0
t001745	7	0	0
t001746	4	0	0
t001747	18	1	0
t001748	4	0	0
t001749	8	0	0
t001750	9	0	0
t001751	14	0	0
t001752	9	0	0
t001753	4	0	0
t001754	8	0	0
t001755	13	0	0
t001756	3	0	0
t001757	11	0	0
t001758	1	0	0
t001759	7	0	0
t001760	7	0	0
t001761	2	0	0
t001762	6	0	0
t001763	5	0	0
t001764	0	0	0
t001765	0	0	0
t001766	6	0	0
t001767	11	0	0
t001768	12	1	0
t001769	4	0	0
t001770	5	0	0
t001771	1	0	0
t001772	3	0	0
t001773	0	0	0
t001774	2	0	0
t001775	8	0	0
t001776	3	0	0
t001777	9	0	0
t001778	2	0	0
t001779	10	0	1
t001780	3	0	0
t001781	7	0	0
t001782	5	0	0
t001783	7	0	0
t001784	9	0	0
t001785	3	0	0
t001786	6	0	0
t001787	3	0	0
t001788	8	0	0
t001789	2	0	0
t001790	5	0	0
t001791	1	0	0
t001792	15	0	0
t001793	1	0	0
t001794	8	0	0
t001795	3	0	0
t001796	4	0	0
t001797	4	0	0
t001798	7	0	0
t001799	5	0	0
t001800	11	0	0
t001801	4	0	0
t001802	11	0	0
t001803	5	0	0
t001804	8	0	0
t001805	10	0	0
t001806	1	0	0
t001807	9	0	0
t001808	4	0	0
t001809	5	0	0
